IP;WHOIS-Auszug
2001:4860:482d:7700::;NetRange:       2001:4860:: - 2001:4860:FFFF:FFFF:FFFF:FFFF:FFFF:FFFF CIDR:           2001:4860::/32 NetName:        GOOGLE-IPV6 OriginAS:        Organization:   Google LLC (GOGL) OrgName:        Google LLC Country:        US 
2600:1480:2000:23::;NetRange:       2600:1400:: - 2600:14FF:FFFF:FFFF:FFFF:FFFF:FFFF:FFFF CIDR:           2600:1400::/24 NetName:        AKAMAI OriginAS:        Organization:   Akamai Technologies, Inc. (AKAMAI) OrgName:        Akamai Technologies, Inc. Country:        US 
2600:1901:0:38d7::;NetRange:       2600:1900:: - 2600:190F:FFFF:FFFF:FFFF:FFFF:FFFF:FFFF CIDR:           2600:1900::/28 NetName:        GOOGLE-CLOUD OriginAS:        Organization:   Google LLC (GOOGL-2) OrgName:        Google LLC Country:        US 
2600:1901:1:4be::;NetRange:       2600:1900:: - 2600:190F:FFFF:FFFF:FFFF:FFFF:FFFF:FFFF CIDR:           2600:1900::/28 NetName:        GOOGLE-CLOUD OriginAS:        Organization:   Google LLC (GOOGL-2) OrgName:        Google LLC Country:        US 
2600:1901:1:7c5::;NetRange:       2600:1900:: - 2600:190F:FFFF:FFFF:FFFF:FFFF:FFFF:FFFF CIDR:           2600:1900::/28 NetName:        GOOGLE-CLOUD OriginAS:        Organization:   Google LLC (GOOGL-2) OrgName:        Google LLC Country:        US 
2600:9000:20ae:fe00:a:a11c:1180:93a1;NetRange:       2600:9000:: - 2600:900F:FFFF:FFFF:FFFF:FFFF:FFFF:FFFF CIDR:           2600:9000::/28 NetName:        AMZ-CF OriginAS:        Organization:   Amazon.com, Inc. (AMAZON-4) OrgName:        Amazon.com, Inc. Country:        US 
2600:9000:20ba:6e00:15:2b26:f200:93a1;NetRange:       2600:9000:: - 2600:900F:FFFF:FFFF:FFFF:FFFF:FFFF:FFFF CIDR:           2600:9000::/28 NetName:        AMZ-CF OriginAS:        Organization:   Amazon.com, Inc. (AMAZON-4) OrgName:        Amazon.com, Inc. Country:        US 
2600:9000:20ba:b200:4:b37b:9440:93a1;NetRange:       2600:9000:: - 2600:900F:FFFF:FFFF:FFFF:FFFF:FFFF:FFFF CIDR:           2600:9000::/28 NetName:        AMZ-CF OriginAS:        Organization:   Amazon.com, Inc. (AMAZON-4) OrgName:        Amazon.com, Inc. Country:        US 
2600:9000:2165:8200:1:a3fa:7cc0:93a1;NetRange:       2600:9000:: - 2600:900F:FFFF:FFFF:FFFF:FFFF:FFFF:FFFF CIDR:           2600:9000::/28 NetName:        AMZ-CF OriginAS:        Organization:   Amazon.com, Inc. (AMAZON-4) OrgName:        Amazon.com, Inc. Country:        US 
2600:9000:2165:ba00:1:a3fa:7cc0:93a1;NetRange:       2600:9000:: - 2600:900F:FFFF:FFFF:FFFF:FFFF:FFFF:FFFF CIDR:           2600:9000::/28 NetName:        AMZ-CF OriginAS:        Organization:   Amazon.com, Inc. (AMAZON-4) OrgName:        Amazon.com, Inc. Country:        US 
2600:9000:2165:da00:2:cecb:23c0:93a1;NetRange:       2600:9000:: - 2600:900F:FFFF:FFFF:FFFF:FFFF:FFFF:FFFF CIDR:           2600:9000::/28 NetName:        AMZ-CF OriginAS:        Organization:   Amazon.com, Inc. (AMAZON-4) OrgName:        Amazon.com, Inc. Country:        US 
2600:9000:2165:e800:1:9777:c740:21;NetRange:       2600:9000:: - 2600:900F:FFFF:FFFF:FFFF:FFFF:FFFF:FFFF CIDR:           2600:9000::/28 NetName:        AMZ-CF OriginAS:        Organization:   Amazon.com, Inc. (AMAZON-4) OrgName:        Amazon.com, Inc. Country:        US 
2600:9000:237d:de00:1b:6b7c:c940:93a1;NetRange:       2600:9000:: - 2600:900F:FFFF:FFFF:FFFF:FFFF:FFFF:FFFF CIDR:           2600:9000::/28 NetName:        AMZ-CF OriginAS:        Organization:   Amazon.com, Inc. (AMAZON-4) OrgName:        Amazon.com, Inc. Country:        US 
2603:1061:13f1:181a::365:590;NetRange:       2603:1000:: - 2603:10FF:FFFF:FFFF:FFFF:FFFF:FFFF:FFFF CIDR:           2603:1000::/24 NetName:        MSFT OriginAS:        Organization:   Microsoft Corporation (MSFT) OrgName:        Microsoft Corporation Country:        US 
2606:4700:10::6814:1f37;NetRange:       2606:4700:: - 2606:4700:FFFF:FFFF:FFFF:FFFF:FFFF:FFFF CIDR:           2606:4700::/32 NetName:        CLOUDFLARENET OriginAS:        Organization:   Cloudflare, Inc. (CLOUD14) OrgName:        Cloudflare, Inc. Country:        US 
2606:4700:10::ac42:a937;NetRange:       2606:4700:: - 2606:4700:FFFF:FFFF:FFFF:FFFF:FFFF:FFFF CIDR:           2606:4700::/32 NetName:        CLOUDFLARENET OriginAS:        Organization:   Cloudflare, Inc. (CLOUD14) OrgName:        Cloudflare, Inc. Country:        US 
2a00:1450:4016:801::200a;netname:        IE-GOOGLE-2a00-1450-4000-1 descr:          EU metro frontend country:        ie 
2a00:1450:4016:802::200e;netname:        IE-GOOGLE-2a00-1450-4000-1 descr:          EU metro frontend country:        ie 
2a02:26f0:3500:4::b818:4d90;netname:        NL-AKAMAI-20101022 country:        EU mnt-routes:     AKAM1-RIPE-MNT organisation:   ORG-AT1-RIPE org-name:       Akamai International B.V. country:        NL route6:         2a02:26f0:3500::/48 descr:          Akamai Technologies 
2a02:26f0:480:33::212:40da;netname:        AKAMAI-PA descr:          Akamai Technologies country:        EU mnt-routes:     AKAM1-RIPE-MNT route6:         2a02:26f0:480::/48 descr:          Akamai Technologies origin:         AS20940 
2a02:6ea0:c77a::47;netname:        FRA-CDN77-IPv6-1 country:        DE route6:         2a02:6ea0:c700::/40 descr:          CDN77_IPv6_FRA-1 origin:         AS60068 
2a04:4e42::347;netname:        US-FASTLY-20130718 country:        EU mnt-routes:     FASTLY organisation:   ORG-FI26-RIPE org-name:       Fastly, Inc. country:        US 
2a04:4e42:6f::347;netname:        US-FASTLY-20130718 country:        EU mnt-routes:     FASTLY organisation:   ORG-FI26-RIPE org-name:       Fastly, Inc. country:        US 
2a04:4e42:6f::626;netname:        US-FASTLY-20130718 country:        EU mnt-routes:     FASTLY organisation:   ORG-FI26-RIPE org-name:       Fastly, Inc. country:        US 
2a04:4e42:6f::762;netname:        US-FASTLY-20130718 country:        EU mnt-routes:     FASTLY organisation:   ORG-FI26-RIPE org-name:       Fastly, Inc. country:        US 
2a04:4e42:6f::763;netname:        US-FASTLY-20130718 country:        EU mnt-routes:     FASTLY organisation:   ORG-FI26-RIPE org-name:       Fastly, Inc. country:        US 
2a04:4e42:6f::810;netname:        US-FASTLY-20130718 country:        EU mnt-routes:     FASTLY organisation:   ORG-FI26-RIPE org-name:       Fastly, Inc. country:        US 
2a06:98c1:3108::ac40:94eb;netname:        CLOUDFLARENET-EU descr:          Cloudflare, Inc. descr:          101 Townsend Street, San Francisco, CA 94107, US descr:          +1 (650) 319-8930 descr:          https://cloudflare.com/ descr:          All Cloudflare abuse reporting can be done via https://www.cloudflare.com/abuse country:        GB route6:         2a06:98c1:3108::/48 
2a06:98c1:310b::ac40:9bd1;netname:        CLOUDFLARENET-EU descr:          Cloudflare, Inc. descr:          101 Townsend Street, San Francisco, CA 94107, US descr:          +1 (650) 319-8930 descr:          https://cloudflare.com/ descr:          All Cloudflare abuse reporting can be done via https://www.cloudflare.com/abuse country:        GB route6:         2a06:98c1:310b::/48 
